[
  ["MIDLAND TX "  ],
  ["Harrison Faa "  ],
  ["Grand Island "  ],
  ["FARGO ND "  ],
  ["Kinston Stallings "  ],
  ["New Orleans "  ],
  ["DALIAN/DAIREN "  ],
  ["Dongtai Jiangsu "  ],
  ["Traverse City "  ],
  ["WACO TX "  ],
  ["Jackson Hole "  ],
  ["WILMINGTON NC "  ],
  ["Lakeview  Awos "  ],
  ["HONOLULU HI "  ],
  ["LEXINGTON KY "  ],
  ["Morgantown Hart "  ],
  ["AUSTIN TX "  ],
  ["Caldwell Essex "  ],
  ["ASHEVILLE NC "  ],
  ["Lanai HI "  ],
  ["Lexington Bluegrass "  ],
  ["LOS_ANGELES CA "  ],
  ["Chicago Midway "  ],
  ["Cedar Rapids "  ],
  ["Fort Benning "  ],
  ["Bismarck ND "  ],
  ["Vance Afb "  ],
  ["Wausau Municipal "  ],
  ["Tianjin Tianjin "  ],
  ["SEMIPALATINSK "  ],
  ["Yangjiang Guangdong "  ],
  ["YOUNGSTOWN OH "  ],
  ["Chicago/Midway "  ],
  ["Pocatello ID "  ],
  ["DHAKA/TEJGAON_ "  ],
  ["Mobile Downtown "  ],
  ["DAGGETT CA "  ],
  ["Springfield IL "  ],
  ["Kelso Wb "  ],
  ["Abbotsford BC "  ],
  ["Daytona Beach "  ],
  ["Chanute Martin "  ],
  ["Bismarck Municipal "  ],
  ["Aurora State "  ],
  ["RECIFE "  ],
  ["Winchester Rgnl "  ],
  ["Raoyang Hebei "  ],
  ["White Plains "  ],
  ["Manitowac Muni "  ],
  ["Estherville Muni "  ],
  ["Healy River "  ],
  ["Belleville Scott "  ],
  ["Lanzhou Gansu "  ],
  ["ULAANBATAAR "  ],
  ["Minqin Gansu "  ],
  ["Madoi Qinghai "  ],
  ["Lijiang Yunnan "  ],
  ["Yushe Shanxi "  ],
  ["Birmingham Municipal "  ],
  ["CLEVELAND OH "  ],
  ["Wusu Xinjiang "  ],
  ["Salina Municipal "  ],
  ["Marathon Airport "  ],
  ["Lingshan Guangxi "  ],
  ["Martinsburg Eastern "  ],
  ["KALISPELL MT "  ],
  ["Winnemucca Municipal "  ],
  ["Resolute NU "  ],
  ["Hailisu Nei "  ],
  ["MARSABIT "  ],
  ["Wilmington International "  ],
  ["Jodhpur Rajasthan "  ],
  ["Sterling/Washington "  ],
  ["Truth or "  ],
  ["Mobridge SD "  ],
  ["Dickinson Municipal "  ],
  ["Melbourne Regional "  ],
  ["Baudette International "  ],
  ["Bangalore Karnataka "  ],
  ["Cherry Point "  ],
  ["Harrison Marion "  ],
  ["BRASILIA "  ],
  ["Texarkana Webb "  ],
  ["Hanksville UT "  ],
  ["DELINGHA "  ],
  ["Duluth MN "  ],
  ["Kuandian Liaoning "  ],
  ["Austin TX "  ],
  ["Anda Heilongjiang "  ],
  ["BISMARCK ND "  ],
  ["Tonopah Airport "  ],
  ["Miami Opa "  ],
  ["The Dalles "  ],
  ["Dekalb Peachtree "  ],
  ["SYLHET_OSMANI "  ],
  ["Lemoore Reeves "  ],
  ["Nanping Fujian "  ],
  ["Cheyenne Municipal "  ],
  ["BARROW AK "  ],
  ["ULSAN "  ],
  ["BANGKOK "  ],
  ["Bemidji Municipal "  ],
  ["Mosinee Central "  ],
  ["Hooper Bay "  ],
  ["Lansing Capital "  ],
  ["Kunming Yunnan "  ],
  ["QUILLAYUTE WA "  ],
  ["New Delhi "  ],
  ["NAIROBI "  ],
  ["Manassas Muni "  ],
  ["Bryce Cnyn "  ],
  ["Ogden Hill "  ],
  ["Comox BC "  ],
  ["Macon GA "  ],
  ["New York "  ],
  ["Port Heiden "  ],
  ["CHANGSHA "  ],
  ["Darlag Qinghai "  ],
  ["Inuvik Ua "  ],
  ["Midland International "  ],
  ["Wichita Falls "  ],
  ["Daggett Barstow "  ],
  ["Norfolk Nas "  ],
  ["WUHAN/NANHU "  ],
  ["Esfahan "  ],
  ["Chicago Ohare "  ],
  ["Nacogdoches  Awos "  ],
  ["Ganzhou Jiangxi "  ],
  ["PORTO_VELHO "  ],
  ["Charleston SC "  ],
  ["Westhampton Gabreski "  ],
  ["ARCATA CA "  ],
  ["Shangqiu Henan "  ],
  ["Wugang Hunan "  ],
  ["HILO HI "  ],
  ["Livermore Municipal "  ],
  ["Miyun Beijing "  ],
  ["Tulsa International "  ],
  ["Annette Island "  ],
  ["Yuma AZ "  ],
  ["Little Falls "  ],
  ["KANSAS_CITY MO "  ],
  ["Block Island "  ],
  ["Saint George "  ],
  ["Columbus Metropolitan "  ],
  ["North Platte "  ],
  ["Tengchong Yunnan "  ],
  ["CASPER WY "  ],
  ["Xiamen Fujian "  ],
  ["Naval Air "  ],
  ["MINNEAPOLIS MN "  ],
  ["Tyndall Afb "  ],
  ["La Crosse "  ],
  ["Lone Rock "  ],
  ["Asheville Regional "  ],
  ["Batesville  Awos "  ],
  ["URUMQI "  ],
  ["Boone Muni "  ],
  ["Portland International "  ],
  ["Cadillac Wexford "  ],
  ["Anchorage Intl "  ],
  ["MOMBASA/MOI_INTL "  ],
  ["Felts Fld "  ],
  ["TALLAHASSEE FL "  ],
  ["ANNETTE AK "  ],
  ["Sexton Summit "  ],
  ["Albuquerque NM "  ],
  ["Sacramento/Mather "  ],
  ["Minfeng Xinjiang "  ],
  ["Waterville  Awos "  ],
  ["Bluefield Mercer "  ],
  ["Buffalo Niagara "  ],
  ["Joslin Fld "  ],
  ["Jianou Fujian "  ],
  ["Keesler Afb "  ],
  ["Franklin PA "  ],
  ["Middletown Harrisburg "  ],
  ["Harrisburg Capital "  ],
  ["Garze Sichuan "  ],
  ["Yulin Shaanxi "  ],
  ["Fosston Awos "  ],
  ["Surat Gujarat "  ],
  ["Chulitna AK "  ],
  ["LANZHOU "  ],
  ["Las Cruces "  ],
  ["Yuzhong Gansu "  ],
  ["Newark International "  ],
  ["FLAGSTAFF AZ "  ],
  ["Sault Ste "  ],
  ["Ottumwa Industrial "  ],
  ["Bengbu Anhui "  ],
  ["TAMPA FL "  ],
  ["Fairbanks Intl "  ],
  ["Williamsport Regional "  ],
  ["Olathe Johnson "  ],
  ["Xingyi Guizhou "  ],
  ["Mobile AL "  ],
  ["Shenandoah Muni "  ],
  ["Yanchi Ningxia "  ],
  ["Davison Aaf "  ],
  ["St Cloud "  ],
  ["Yanan Shaanxi "  ],
  ["Corpus Christi "  ],
  ["Brunswick Malcolm "  ],
  ["Quincy Muni "  ],
  ["YAKIMA WA "  ],
  ["Dubuque Regional "  ],
  ["Mount Vernon "  ],
  ["Flippin  Awos "  ],
  ["Suide Shaanxi "  ],
  ["Storm Lake "  ],
  ["ALBANY NY "  ],
  ["Marietta Dobbins "  ],
  ["OSAKA "  ],
  ["Macdill Afb "  ],
  ["Ft Lnrd "  ],
  ["Jian Jiangxi "  ],
  ["MUMBAI "  ],
  ["Jamestown  Awos "  ],
  ["Killeen Muni "  ],
  ["Corpus Christi "  ],
  ["Mc Gregor "  ],
  ["Devils Lake "  ],
  ["Green Bay "  ],
  ["Menominee  Awos "  ],
  ["COLOMBO/KATUNAYAKE "  ],
  ["Lebanon Municipal "  ],
  ["San Diego "  ],
  ["BUFFALO NY "  ],
  ["Tonghe Heilongjiang "  ],
  ["LANSING MI "  ],
  ["Linxi Nei "  ],
  ["HUADE "  ],
  ["Keokuk Muni "  ],
  ["Pullman Moscow "  ],
  ["Dayton Wright "  ],
  ["Melfa Accomack "  ],
  ["Homestead Afb "  ],
  ["Toledo Winlock "  ],
  ["Big Delta "  ],
  ["Las Vegas "  ],
  ["Nyingchi Tibet "  ],
  ["Nanjing Jiangsu "  ],
  ["Portland Troutdale "  ],
  ["Ogden Hinkley "  ],
  ["SAN_FRANCISCO CA "  ],
  ["Clovis Cannon "  ],
  ["Falls City "  ],
  ["Jacksonville Nas "  ],
  ["Evansville Regional "  ],
  ["Kuujjuarapik PQ "  ],
  ["South Lake "  ],
  ["HOUSTON TX "  ],
  ["Laredo AFB "  ],
  ["ST "  ],
  ["Trinidad Las "  ],
  ["Palm Springs "  ],
  ["Solon Nei "  ],
  ["BRIDGEPORT CT "  ],
  ["AREQUIPA "  ],
  ["Dong Ujimqin "  ],
  ["Cape Hatteras "  ],
  ["Mansfield Lahm "  ],
  ["Massena NY "  ],
  ["Brookings  Awos "  ],
  ["Wolf Point "  ],
  ["Whidbey Island "  ],
  ["SHIMONOSEKI "  ],
  ["Rockport Aransas "  ],
  ["Oscoda Wurtsmith "  ],
  ["Billings MT "  ],
  ["Anaktuvuk Pass "  ],
  ["Benxi Liaoning "  ],
  ["Akron Akron "  ],
  ["Lakehurst NAS "  ],
  ["TUNIS "  ],
  ["BINGHAMTON NY "  ],
  ["Xingtai Hebei "  ],
  ["Joplin Municipal "  ],
  ["Al Minya "  ],
  ["Kake Seaplane "  ],
  ["Staunton Shenandoah "  ],
  ["GRAND_ISLAND NE "  ],
  ["Kona Intl "  ],
  ["Pueblo Memorial "  ],
  ["Mengla Yunnan "  ],
  ["Donggang Jilin "  ],
  ["Dover Afb "  ],
  ["Kansas City "  ],
  ["Fairmont Muni "  ],
  ["Iliamna Arpt "  ],
  ["Shangzhi Heilongjiang "  ],
  ["Greenville Municipal "  ],
  ["Willow Grove "  ],
  ["Rocky Mount "  ],
  ["SALT_LAKE_CITY UT "  ],
  ["INTERNATIONAL_FALLS MN "  ],
  ["Washington  Awos "  ],
  ["Safford  Amos "  ],
  ["PROVIDENCE RI "  ],
  ["Indore Madhya "  ],
  ["Binghamton NY "  ],
  ["Tucumcari NM "  ],
  ["Huimin Xian "  ],
  ["Salmon Lemhi "  ],
  ["Springfield Hartnes "  ],
  ["Dehradun Uttar "  ],
  ["SAN_ANTONIO TX "  ],
  ["CALCUTTA "  ],
  ["Dalian Liaoning "  ],
  ["Chaoyang Shandong "  ],
  ["Pease Intl "  ],
  ["Dutch Harbor "  ],
  ["Allahabad Uttar "  ],
  ["Ismailia Al "  ],
  ["Panjim Goa "  ],
  ["Cortez Montezuma "  ],
  ["Peoria Greater "  ],
  ["Wichita Col "  ],
  ["Crossville Memorial "  ],
  ["Belgaum Maharashtra "  ],
  ["West Palm "  ],
  ["Port Arthur "  ],
  ["ALBUQUERQUE NM "  ],
  ["Shreveport Regional "  ],
  ["BILLINGS MT "  ],
  ["El Arish "  ],
  ["Rhinelander Oneida "  ],
  ["Bethel Airport "  ],
  ["Chino Airport "  ],
  ["BOISE ID "  ],
  ["Minhe Qinghai "  ],
  ["Chongqing Shapingba "  ],
  ["Atlanta GA "  ],
  ["LANZHOU "  ],
  ["Qumarleb Qinghai "  ],
  ["Baicheng Jilin "  ],
  ["Altoona Blair "  ],
  ["Columbus Port "  ],
  ["Ephrata Ap "  ],
  ["Oakland Metropolitan "  ],
  ["Wushaoling Gansu "  ],
  ["Goose NF "  ],
  ["NANJING/NANKING "  ],
  ["Muskoka ON "  ],
  ["Belem/Val "  ],
  ["Kotzebue Ralph "  ],
  ["Dayton International "  ],
  ["Oklahoma City "  ],
  ["Meridian Naas "  ],
  ["The Pas "  ],
  ["Salisbury Wicomico "  ],
  ["NORTH_PLATTE NE "  ],
  ["GLASGOW MT "  ],
  ["Petersburg AK "  ],
  ["Coeur D "  ],
  ["Memphis TN "  ],
  ["Kingston ON "  ],
  ["Bijie Guizhou "  ],
  ["Fergus Falls "  ],
  ["San Angelo "  ],
  ["BRISTOL TN "  ],
  ["Yumenzhen Gansu "  ],
  ["SOUTH_BEND IN "  ],
  ["Karamay Xinjiang "  ],
  ["Southwest Florida "  ],
  ["Houston D "  ],
  ["Xichang Sichuan "  ],
  ["Jackson MS "  ],
  ["Climate Zone "  ],
  ["Oxford  Awos "  ],
  ["ADDIS_ABABA/BOLE "  ],
  ["Patuxent River "  ],
  ["Rifle Garfield "  ],
  ["Honolulu HI "  ],
  ["Asheville NC "  ],
  ["MILES_CITY MT "  ],
  ["PUTTALAM "  ],
  ["HARRISBURG PA "  ],
  ["Louisville Standiford "  ],
  ["Truckee Tahoe "  ],
  ["Talkeetna State "  ],
  ["Waco TX "  ],
  ["Whittier AK "  ],
  ["Oakland Co "  ],
  ["Pierre SD "  ],
  ["SAO_PAULO/CONGONHAS "  ],
  ["Victoria Regional "  ],
  ["Tyler Pounds "  ],
  ["Glasgow Intl "  ],
  ["ATHENS GA "  ],
  ["Congwu Fujian "  ],
  ["Tucson International "  ],
  ["Concord Municipal "  ],
  ["Great Falls "  ],
  ["Lawton Municipal "  ],
  ["Muskegon County "  ],
  ["San Antonio "  ],
  ["Fort Knox "  ],
  ["Homer AK "  ],
  ["Dallas Redbird "  ],
  ["Greenwood Leflore "  ],
  ["Skagway Airport "  ],
  ["Caldwell  Awos "  ],
  ["Malad City "  ],
  ["Bangor/Dow "  ],
  ["Sydney NS "  ],
  ["Arxan Nei "  ],
  ["MUSKEGON MI "  ],
  ["Mora Muni "  ],
  ["King Salmon "  ],
  ["Fort Worth "  ],
  ["Nanxian Hunan "  ],
  ["Climate Zone "  ],
  ["Hissar Haryana "  ],
  ["Birmingham AL "  ],
  ["Jamestown Municipal "  ],
  ["Presque Isle "  ],
  ["Emporia Municipal "  ],
  ["Nantucket Memorial "  ],
  ["Youngstown OH "  ],
  ["Sioux Falls "  ],
  ["Chittagong/Patenga "  ],
  ["Lihue HI "  ],
  ["Hot Springs "  ],
  ["Huma Heilongjiang "  ],
  ["Lingling Hunan "  ],
  ["Fremont Muni "  ],
  ["Utica Oneida "  ],
  ["ANURADHAPURA_ "  ],
  ["Natchez Hardy "  ],
  ["BRASILIA_ "  ],
  ["Miami Intl "  ],
  ["Lake Charles "  ],
  ["Yibin Sichuan "  ],
  ["Suichuan Jiangxi "  ],
  ["Dingbian Shaanxi "  ],
  ["CUIABA/MARECHAL_RON "  ],
  ["LEWISTOWN MT "  ],
  ["Springdale Muni "  ],
  ["MIAMI FL "  ],
  ["Hailun Heilongjiang "  ],
  ["New York "  ],
  ["Shache Xinjiang "  ],
  ["St Louis "  ],
  ["Havre City "  ],
  ["Urumqi Xinjiang "  ],
  ["Kuqa Xinjiang "  ],
  ["Lamar Municipal "  ],
  ["Grand Prairie "  ],
  ["Flying Cloud "  ],
  ["Hoboksar Xinjiang "  ],
  ["Hoonah AK "  ],
  ["Hill City "  ],
  ["Hefei Anhui "  ],
  ["Colorado Springs "  ],
  ["Hays Muni "  ],
  ["Muscle Shoals "  ],
  ["Bozeman Gallatin "  ],
  ["Le Mars "  ],
  ["Minneapolis St "  ],
  ["Lompoc  Awos "  ],
  ["LONG_BEACH CA "  ],
  ["Shanwei Guangdong "  ],
  ["Santa Barbara "  ],
  ["NEW DELHI "  ],
  ["Fairchild Afb "  ],
  ["YAKUTAT AK "  ],
  ["Virginia Tech "  ],
  ["Pittsburgh/Pittsburgh "  ],
  ["Baton Rouge "  ],
  ["St Lucie "  ],
  ["Beaumont/Port "  ],
  ["AUGUSTA GA "  ],
  ["China Lake "  ],
  ["Fort Worth "  ],
  ["COVINGTON KY "  ],
  ["Auburn Opelika "  ],
  ["AHMEDABAD "  ],
  ["Astoria Regional "  ],
  ["Litchfield Muni "  ],
  ["Fargo ND "  ],
  ["Grand Junction "  ],
  ["Butte Bert "  ],
  ["Manhattan Rgnl "  ],
  ["AKRON OH "  ],
  ["Luke Afb "  ],
  ["Alexandria Municipal "  ],
  ["Gustavus AK "  ],
  ["Juneau IntL "  ],
  ["Laramie General "  ],
  ["Bishop Airport "  ],
  ["Chan Gurney "  ],
  ["Stewart Field "  ],
  ["Grindstone Island "  ],
  ["Cedar City "  ],
  ["Elko NV "  ],
  ["Binghamton Edwin "  ],
  ["San Diego "  ],
  ["Norfolk VA "  ],
  ["Mianyang Sichuan "  ],
  ["SAO PAULO "  ],
  ["Erenhot Nei "  ],
  ["RANGPUR "  ],
  ["Bowling Green "  ],
  ["Mercury Desert "  ],
  ["BIG_DELTA AK "  ],
  ["JIMMA "  ],
  ["South Bend "  ],
  ["W  Chicago "  ],
  ["MOYALE_LOWER_ "  ],
  ["Lander Hunt "  ],
  ["Monticello Muni "  ],
  ["Tupelo C "  ],
  ["MINOT ND "  ],
  ["Climate Zone "  ],
  ["Climate Zone "  ],
  ["MIHO "  ],
  ["Jorhat Assam "  ],
  ["Wiscasset ME "  ],
  ["Pitt Greenville "  ],
  ["PORTO_NACIONAL_ARPT "  ],
  ["HEFEI/LUOGANG "  ],
  ["Flint MI "  ],
  ["Yakutat AK "  ],
  ["Bridgeport Sikorsky "  ],
  ["Altay Xinjiang "  ],
  ["Columbia SC "  ],
  ["Dongsheng Nei "  ],
  ["Barrow W "  ],
  ["Billings Logan "  ],
  ["Shreveport LA "  ],
  ["Miles City "  ],
  ["Andrews Afb "  ],
  ["Holloman Afb "  ],
  ["MCGRATH AK "  ],
  ["Oceana Nas "  ],
  ["Xifengzhen Gansu "  ],
  ["MEMPHIS TN "  ],
  ["Alice Intl "  ],
  ["Hydaburg Seaplane "  ],
  ["Roanoke Regional "  ],
  ["WATERLOO IA "  ],
  ["Valparaiso Elgin "  ],
  ["Abilene TX "  ],
  ["Baie Comeau "  ],
  ["MERIDIAN MS "  ],
  ["Whidbey Island "  ],
  ["St Louis "  ],
  ["Songpan Sichuan "  ],
  ["SALVADOR "  ],
  ["Kodiak Airport "  ],
  ["Bairin Zuo "  ],
  ["Jefferson City "  ],
  ["BIRMINGHAM AL "  ],
  ["BAKERSFIELD CA "  ],
  ["Detroit City "  ],
  ["Yuanping Shanxi "  ],
  ["Hoquiam Ap "  ],
  ["VOI "  ],
  ["Orr MN "  ],
  ["OMAHA NE "  ],
  ["Detroit Metropolitan "  ],
  ["Baltimore Blt "  ],
  ["Golden Tri "  ],
  ["Victoria Int "  ],
  ["Chadron Municipal "  ],
  ["Findlay Airport "  ],
  ["BAOJI "  ],
  ["Dayton/Wright "  ],
  ["Boxian Anhui "  ],
  ["Leting Hebei "  ],
  ["MAKINDU "  ],
  ["Redwood Falls "  ],
  ["Medicine Hat "  ],
  ["Athens Ben "  ],
  ["CONCORD NH "  ],
  ["Sturgeon Bay "  ],
  ["Kenai Municipal "  ],
  ["Mason City "  ],
  ["Yuma Intl "  ],
  ["TUCSON AZ "  ],
  ["Climate Zone "  ],
  ["Youngstown Regional "  ],
  ["Saginaw Tri "  ],
  ["ULAANGOM "  ],
  ["Lancaster Gen "  ],
  ["TUOTUOHE/TANGGULASH "  ],
  ["RICHMOND VA "  ],
  ["Leesburg Godfrey "  ],
  ["Kansas City "  ],
  ["ALLENTOWN PA "  ],
  ["JOHANNESBURG "  ],
  ["Winslow AZ "  ],
  ["Tunxi Anhui "  ],
  ["KODIAK AK "  ],
  ["EMBU "  ],
  ["Minot/Int "  ],
  ["Truth Or "  ],
  ["Goldsboro Seymour "  ],
  ["Wheeling Ohio "  ],
  ["Charlotte NC "  ],
  ["Anvik AK "  ],
  ["Stampede Pass "  ],
  ["Erie PA "  ],
  ["Shenyang Liaoning "  ],
  ["Laohekou Hubei "  ],
  ["St Louis "  ],
  ["Orlando Executive "  ],
  ["Wanyuan Sichuan "  ],
  ["SHERIDAN WY "  ],
  ["Ironwood  Awos "  ],
  ["Austin Mueller "  ],
  ["Akola Maharashtra "  ],
  ["Hagerstown Rgnl "  ],
  ["Columbus Afb "  ],
  ["Rogers  Awos "  ],
  ["DAYTON OH "  ],
  ["Calgary Int "  ],
  ["Grand Forks "  ],
  ["La Crosse "  ],
  ["Lovelock NV "  ],
  ["Santa Rosa "  ],
  ["Burke Lakefront "  ],
  ["Flagstaff Pulliam "  ],
  ["Huoshan Anhui "  ],
  ["Shouxian Anhui "  ],
  ["Eveleth Muni "  ],
  ["Kapalua HI "  ],
  ["Tongzi Guizhou "  ],
  ["FORT_SMITH AR "  ],
  ["Tanana Ralph "  ],
  ["Prescott AZ "  ],
  ["El Dorado "  ],
  ["Leadville Lake "  ],
  ["Goodland KS "  ],
  ["AMARILLO TX "  ],
  ["WICHITA_FALLS TX "  ],
  ["Chitradurg Karnataka "  ],
  ["Ratnagiri Maharashtra "  ],
  ["Hutchinson  Awos "  ],
  ["Ottawa Int "  ],
  ["Webster City "  ],
  ["HOUGHTON MI "  ],
  ["Cincinnati Northern "  ],
  ["TOSASHIMIZU "  ],
  ["Wilkes Barre "  ],
  ["Cedar City "  ],
  ["Orlando Intl "  ],
  ["Dongcheng Anhui "  ],
  ["Patterson Memorial "  ],
  ["WUDU "  ],
  ["Trenton ON "  ],
  ["Rome R "  ],
  ["Jiexiu Shanxi "  ],
  ["Park Rapids "  ],
  ["GOA/PANJIM "  ],
  ["Denver "  ],
  ["RALEIGH NC "  ],
  ["North Adams "  ],
  ["Olympia WA "  ],
  ["MANDERA "  ],
  ["PEORIA IL "  ],
  ["Cheyenne/Warren "  ],
  ["Boston Logan "  ],
  ["Juneau AK "  ],
  ["COMBOLCHA/DESSIE "  ],
  ["Dothan Municipal "  ],
  ["Grand Rapids "  ],
  ["Mcguire Afb "  ],
  ["Howell MI "  ],
  ["Mcconnell Afb "  ],
  ["Clinton Muni "  ],
  ["Quantico Mcas "  ],
  ["Phillips Price "  ],
  ["Burlington VT "  ],
  ["DETROIT MI "  ],
  ["Albany County "  ],
  ["Amarillo International "  ],
  ["LAMU/MANDA_ISLAND "  ],
  ["ALGIERS "  ],
  ["Yucca Flats "  ],
  ["Dulan Us "  ],
  ["Snohomish Co "  ],
  ["Jixi Heilongjiang "  ],
  ["Xingcheng Liaoning "  ],
  ["Hayward Air "  ],
  ["INDIANAPOLIS IN "  ],
  ["Hastings Municipal "  ],
  ["Annette AK "  ],
  ["GOODLAND KS "  ],
  ["Climate Zone "  ],
  ["Hechi Guangxi "  ],
  ["Nenana Municipal "  ],
  ["Southern Pines "  ],
  ["Bentonville  Awos "  ],
  ["Moses Lake "  ],
  ["Fayetteville Drake "  ],
  ["Saharanpur Uttar "  ],
  ["Montpelier Ap "  ],
  ["Central Illinois "  ],
  ["Mountain Home "  ],
  ["Orlando FL "  ],
  ["Cody Muni "  ],
  ["Lushi Henan "  ],
  ["Ely NV "  ],
  ["Barmer Rajasthan "  ],
  ["DIRE_DAWA_ "  ],
  ["Dongfang Hainan "  ],
  ["Fort Worth "  ],
  ["Midland/Odessa "  ],
  ["Barbers Point "  ],
  ["Knoxville IA "  ],
  ["Shanghang Fujian "  ],
  ["HARARE "  ],
  ["Concord Concord "  ],
  ["Exi Hubei "  ],
  ["Jingdezhen Jiangxi "  ],
  ["GULKANA AK "  ],
  ["Shaoguan Guangdong "  ],
  ["Durango La "  ],
  ["PAGRI "  ],
  ["Burlington IA "  ],
  ["Buffalo NY "  ],
  ["China Lake "  ],
  ["Gray Aaf "  ],
  ["TASHKENT "  ],
  ["LA PAZ "  ],
  ["TUCUMCARI NM "  ],
  ["Univ Of "  ],
  ["Hobart Municipal "  ],
  ["Plymouth Municipal "  ],
  ["Fort Drum "  ],
  ["NOME AK "  ],
  ["London ON "  ],
  ["Aniak Airport "  ],
  ["SAULT_STE "  ],
  ["Adak NAS "  ],
  ["Sanford Muni "  ],
  ["Bar Harbor "  ],
  ["Decatur IL "  ],
  ["South St "  ],
  ["BOA_VISTA_ "  ],
  ["CHICAGO IL "  ],
  ["Soldotna AK "  ],
  ["O Neill "  ],
  ["LODWAR "  ],
  ["SACRAMENTO CA "  ],
  ["Jackson Mckellar "  ],
  ["Palmdale Airport "  ],
  ["Fulton Co "  ],
  ["Wise Lonesome "  ],
  ["International Falls "  ],
  ["Duolun Nei "  ],
  ["Fuzhou Fujian "  ],
  ["Alexandria Esler "  ],
  ["Rock Springs "  ],
  ["Prince Rupert "  ],
  ["RIYADH "  ],
  ["Fredericton NB "  ],
  ["Ellsworth Afb "  ],
  ["Lincang Yunnan "  ],
  ["KISII            _ "  ],
  ["Boise Air "  ],
  ["Pipestone  Awos "  ],
  ["Reading Spaatz "  ],
  ["Sterling Rockfalls "  ],
  ["Laconia Muni "  ],
  ["Martinsville VA "  ],
  ["Santa Maria "  ],
  ["Smithers BC "  ],
  ["Gainesville Regional "  ],
  ["Akron/Canton "  ],
  ["Abington VA "  ],
  ["Turpan Xinjiang "  ],
  ["Nangqen Qinghai "  ],
  ["NAKURU "  ],
  ["Houston William "  ],
  ["Show Low "  ],
  ["Gulkana AK "  ],
  ["Lake Hood "  ],
  ["Ramagundam Andhra "  ],
  ["KAHULUI HI "  ],
  ["Albany Dougherty "  ],
  ["Kaiser Mem "  ],
  ["Hotan Xinjiang "  ],
  ["Zhumadian Henan "  ],
  ["Lucknow Uttar "  ],
  ["Gallup Sen "  ],
  ["Galveston Scholes "  ],
  ["Yichang Hubei "  ],
  ["Grand Canyon "  ],
  ["Wendover Usaf "  ],
  ["Erie International "  ],
  ["Hattiesburg Laurel "  ],
  ["Aurora Municipal "  ],
  ["Jinzhou Liaoning "  ],
  ["Huili Sichuan "  ],
  ["Hutchinson Municipal "  ],
  ["Philadelphia Ne "  ],
  ["Charlottetown CDA "  ],
  ["Albert Lea "  ],
  ["EAU_CLAIRE WI "  ],
  ["ROCHESTER NY "  ],
  ["Anderson County "  ],
  ["Xining Qinghai "  ],
  ["San Antonio "  ],
  ["Savoonga AK "  ],
  ["Brewster Field "  ],
  ["KWANGJU "  ],
  ["Panama City "  ],
  ["KISR Coastal "  ],
  ["Lubbock International "  ],
  ["Mudanjiang Heilongjiang "  ],
  ["Fort Riley "  ],
  ["Great Bend "  ],
  ["PUEBLO CO "  ],
  ["CHATTANOOGA TN "  ],
  ["Page Muni "  ],
  ["Watertown Municipal "  ],
  ["Edwards Afb "  ],
  ["SALEM OR "  ],
  ["Los "  ],
  ["New York "  ],
  ["PUNTA ARENAS "  ],
  ["Dianbai Guangdong "  ],
  ["Liberal Muni "  ],
  ["Simao Yunnan "  ],
  ["Gwalior Madhya "  ],
  ["Yushan Jiangxi "  ],
  ["Fuyun Xinjiang "  ],
  ["Cranbrook BC "  ],
  ["Grand Rapids "  ],
  ["HURON SD "  ],
  ["MALE_INTL/HULULE_IS "  ],
  ["Yinchuan Ningxia "  ],
  ["HUNTINGTON WV "  ],
  ["TULSA OK "  ],
  ["Sheridan WY "  ],
  ["BRADFORD PA "  ],
  ["HANOI "  ],
  ["Mekoryuk AK "  ],
  ["Bhubneshwar Orissa "  ],
  ["GONDAR "  ],
  ["Concordia Blosser "  ],
  ["Delta UT "  ],
  ["Battle Harbour "  ],
  ["Lake Charles "  ],
  ["New Orleans "  ],
  ["Appleton Outagamie "  ],
  ["QUITO "  ],
  ["Sumter Shaw "  ],
  ["Lewistown MT "  ],
  ["Willmar MN "  ],
  ["Wudu Gansu "  ],
  ["Mount Forest "  ],
  ["Fort Collins "  ],
  ["Fresno Yosemite "  ],
  ["EUGENE OR "  ],
  ["Meridian Key "  ],
  ["New York "  ],
  ["Aberdeen Regional "  ],
  ["BEIJING/PEKING "  ],
  ["Changning Hunan "  ],
  ["FORT_WAYNE IN "  ],
  ["Pune Maharashtra "  ],
  ["New Ulm "  ],
  ["Mineral Wells "  ],
  ["ROCKFORD IL "  ],
  ["CASABLANCA/NOUASSER "  ],
  ["Newark NJ "  ],
  ["Patna Bihar "  ],
  ["Aksu Xinjiang "  ],
  ["Zhaozhou Heilongjiang "  ],
  ["Patuxent River "  ],
  ["Dubois Faa "  ],
  ["International Falls "  ],
  ["Rice Lake "  ],
  ["Abilene Dyess "  ],
  ["New York "  ],
  ["Pierre Municipal "  ],
  ["Bakersfield CA "  ],
  ["Anniston Metropolitan "  ],
  ["Tacoma Mcchord "  ],
  ["RAPID_CITY SD "  ],
  ["Huron Regional "  ],
  ["WILMINGTON DE "  ],
  ["Council Bluffs "  ],
  ["Columbia Metro "  ],
  ["Greenville Majors "  ],
  ["Two Harbors "  ],
  ["ELDORET "  ],
  ["Clinton Sherman "  ],
  ["Baton Rouge "  ],
  ["Lafayette Regional "  ],
  ["PENDLETON OR "  ],
  ["Rochester MN "  ],
  ["Seattle Boeing "  ],
  ["New Bern "  ],
  ["Broomfield Jeffco "  ],
  ["Longzhou Guangxi "  ],
  ["Shiraz "  ],
  ["MASON_CITY IA "  ],
  ["BELEM "  ],
  ["CHENGDU "  ],
  ["Moline Quad "  ],
  ["GREAT_FALLS MT "  ],
  ["Sholapur Maharashtra "  ],
  ["Millville Municipal "  ],
  ["NORTH_BEND OR "  ],
  ["Zhengzhou Henan "  ],
  ["Green Bay "  ],
  ["SIOUX_FALLS SD "  ],
  ["Tekamah  Asos "  ],
  ["SAN_DIEGO CA "  ],
  ["Key West "  ],
  ["Mangalore Karnataka "  ],
  ["ERIE PA "  ],
  ["Pellston Emmet "  ],
  ["Aurangabad Maharashtra "  ],
  ["GRAND_JUNCTION CO "  ],
  ["Yuncheng Shanxi "  ],
  ["TOKYO HYAKURI "  ],
  ["GUANGZHOU "  ],
  ["Weifang Shandong "  ],
  ["Xinmin Liaoning "  ],
  ["Fort Lauderdale "  ],
  ["MADISON WI "  ],
  ["Sandberg CA "  ],
  ["Cairns Field "  ],
  ["South Bend "  ],
  ["Hezuo Gansu "  ],
  ["Crookston Muni "  ],
  ["Pittsburgh Allegheny "  ],
  ["Fuyu Heilongjiang "  ],
  ["St Petersburg "  ],
  ["Redding Municipal "  ],
  ["Miami Kendall "  ],
  ["Austin Muni "  ],
  ["HELENA MT "  ],
  ["YINING "  ],
  ["Ely Muni "  ],
  ["Quillayute State "  ],
  ["Yazd "  ],
  ["FLORIANOPOLIS_ARPT "  ],
  ["Pensacola Regional "  ],
  ["TRINCOMALEE_ "  ],
  ["Houston Ellington "  ],
  ["Bailingmiao Nei "  ],
  ["Gulkana Intermediate "  ],
  ["Detroit/City "  ],
  ["Sunwu Heilongjiang "  ],
  ["Red Bluff "  ],
  ["LUFKIN TX "  ],
  ["Lancaster PA "  ],
  ["Eau Claire "  ],
  ["Alpena MI "  ],
  ["Adirondack Rgnl "  ],
  ["Sierra Blanca "  ],
  ["Fujin Heilongjiang "  ],
  ["Draughon Miller "  ],
  ["Yakima WA "  ],
  ["Glenwood  Asos "  ],
  ["Barkam Sichuan "  ],
  ["Jamnagar Gujarat "  ],
  ["Richmond VA "  ],
  ["Helena Regional "  ],
  ["Evanston Burns "  ],
  ["MISSOULA MT "  ],
  ["Mohe Heilongjiang "  ],
  ["Marion Regional "  ],
  ["Molokai  Amos "  ],
  ["Xi Ujimqin "  ],
  ["Atlantic IA "  ],
  ["Watertown Ap "  ],
  ["Farmington Four "  ],
  ["San Diego "  ],
  ["Nome Municipal "  ],
  ["Bremerton National "  ],
  ["Big Delta "  ],
  ["Amritsar Punjab "  ],
  ["Tabriz "  ],
  ["Ewa/Barbers "  ],
  ["Lubbock/Int "  ],
  ["Elmira Corning "  ],
  ["Greer GreenvL "  ],
  ["San Antonio "  ],
  ["MATSUMOTO "  ],
  ["Raipur Chhattisgarh "  ],
  ["Guiping Guangxi "  ],
  ["Cambridge Muni "  ],
  ["Lancang Yunnan "  ],
  ["CH'ONGJIN "  ],
  ["Williston Sloulin "  ],
  ["Jaipur Rajasthan "  ],
  ["Yuba Co "  ],
  ["Akron Washington "  ],
  ["PORTLAND ME "  ],
  ["Charlotte Douglas "  ],
  ["Qamdo Tibet "  ],
  ["New Orleans "  ],
  ["Scottsbluff W "  ],
  ["Salinas Municipal "  ],
  ["SHENZHEN "  ],
  ["Jacksonville/Int "  ],
  ["Sleetmute AK "  ],
  ["Phoenix Sky "  ],
  ["Iron Mountain "  ],
  ["Marion   Wytheville "  ],
  ["Crane Lake "  ],
  ["Lufkin TX "  ],
  ["Burns Municipal "  ],
  ["Hangzhou Zhejiang "  ],
  ["Modesto City "  ],
  ["Jackson Julian "  ],
  ["Sand Point "  ],
  ["Sheldon IA "  ],
  ["Silver Bay "  ],
  ["Winona Muni "  ],
  ["Ambler AK "  ],
  ["HAMBANTOTA "  ],
  ["Thief River "  ],
  ["Toledo OH "  ],
  ["Concord NH "  ],
  ["Dalhart Municipal "  ],
  ["Burbank Glendale "  ],
  ["COX'S_BAZAR "  ],
  ["Dinwiddie Co "  ],
  ["Alpena County "  ],
  ["Chennai "  ],
  ["Oklahoma City "  ],
  ["Bhopal Madhya "  ],
  ["Ponca City "  ],
  ["Siloam Spring "  ],
  ["Atlantic City "  ],
  ["Rochester International "  ],
  ["Kailu Nei "  ],
  ["Greenwood NS "  ],
  ["Valdez Wso "  ],
  ["Fort Dodge "  ],
  ["MOLINE IL "  ],
  ["Jackson Reynolds "  ],
  ["Xinyang Henan "  ],
  ["Fullerton Municipal "  ],
  ["SANTA_MARIA CA "  ],
  ["SPRINGFIELD MO "  ],
  ["Savannah Intl "  ],
  ["Chattanooga Lovell "  ],
  ["Kahului Airport "  ],
  ["Dodge City "  ],
  ["Nanning Guangxi "  ],
  ["EJIN_QI "  ],
  ["KUNMING/WUJIABA "  ],
  ["P'YONGYANG "  ],
  ["Seattle Seattle "  ],
  ["Kharga Al "  ],
  ["Cordova AK "  ],
  ["BATON_ROUGE LA "  ],
  ["Gillette Gillette "  ],
  ["Toronto Int "  ],
  ["Weining Guizhou "  ],
  ["Fort Smith "  ],
  ["Columbia Regional "  ],
  ["Johnstown Cambria "  ],
  ["Renton Muni "  ],
  ["Manchester Airport "  ],
  ["Saint Mary "  ],
  ["Saint John "  ],
  ["ABU DHABI "  ],
  ["Danville Faa "  ],
  ["Hickory Regional "  ],
  ["Alturas CA "  ],
  ["Chengshantou Shandong "  ],
  ["NORFOLK NE "  ],
  ["ALAMOSA CO "  ],
  ["HUILI "  ],
  ["Garze "  ],
  ["Redmond OR "  ],
  ["Wenatchee Pangborn "  ],
  ["Stephenville NF "  ],
  ["Kuujuaq PQ "  ],
  ["Pensacola Forest "  ],
  ["Huade Nei "  ],
  ["Little Rock "  ],
  ["Chicopee Falls "  ],
  ["Newport News "  ],
  ["Minocqua Woodruff "  ],
  ["Zhongxiang Hubei "  ],
  ["Bugt Nei "  ],
  ["Creston IA "  ],
  ["SCOTTSBLUFF NE "  ],
  ["CARACAS "  ],
  ["Honolulu Intl "  ],
  ["Kalispell Glacier "  ],
  ["Trivandrum Kerala "  ],
  ["BALTIMORE MD "  ],
  ["Valparaiso Hurlburt "  ],
  ["Sioux City "  ],
  ["Tonopah NV "  ],
  ["Point Hope "  ],
  ["ELKINS WV "  ],
  ["Dallas Fort "  ],
  ["Longkou Shandong "  ],
  ["Des Moines "  ],
  ["Xinghai Qinghai "  ],
  ["Mitchell  Awos "  ],
  ["PHOENIX AZ "  ],
  ["Deming Muni "  ],
  ["WEST_PALM_BEACH FL "  ],
  ["Tikanlik Xinjiang "  ],
  ["Greenville Downtown "  ],
  ["Oxnard/Point "  ],
  ["Bayan Mod "  ],
  ["El Toro "  ],
  ["ASTORIA OR "  ],
  ["Mccook Municipal "  ],
  ["MACAU "  ],
  ["William R "  ],
  ["CONCEPCION "  ],
  ["Beatrice Municipal "  ],
  ["EAGLE CO "  ],
  ["Milwaukee Mitchell "  ],
  ["Red Wing "  ],
  ["San Jose "  ],
  ["Pittsburgh International "  ],
  ["Barnstable Muni "  ],
  ["Hyderabad Andhra "  ],
  ["HARTFORD CT "  ],
  ["Houston/Intercontinent "  ],
  ["Chuxiong Yunnan "  ],
  ["EVANSVILLE IN "  ],
  ["Spokane/Fairchild "  ],
  ["Fengning Hebei "  ],
  ["Long Beach "  ],
  ["Savannah GA "  ],
  ["KUNMING "  ],
  ["Alexandria Al "  ],
  ["Wichita Mid "  ],
  ["FLINT MI "  ],
  ["Minot Afb "  ],
  ["Prescott Love "  ],
  ["Rapid City "  ],
  ["Keshan Heilongjiang "  ],
  ["SURKHET "  ],
  ["Charleston Yeager "  ],
  ["Minchumina AK "  ],
  ["NYINGCHI "  ],
  ["Franklin Naas "  ],
  ["Alma Bacon "  ],
  ["College Station "  ],
  ["Bartlesville Philli "  ],
  ["San Diego "  ],
  ["Hunter Aaf "  ],
  ["Hailar Nei "  ],
  ["Bradford Regional "  ],
  ["Daytona Beach "  ],
  ["Omaha Eppley "  ],
  ["Birchwood AK "  ],
  ["SYRACUSE NY "  ],
  ["ASWAN "  ],
  ["Nenjiang Heilongjiang "  ],
  ["Medford Rogue "  ],
  ["Kamloops BC "  ],
  ["Chariton IA "  ],
  ["COLUMBUS GA "  ],
  ["Portland Hillsboro "  ],
  ["Wilkes "  ],
  ["BATTICALOA_ "  ],
  ["Alliance Municipal "  ],
  ["Changchun Jilin "  ],
  ["England Afb "  ],
  ["North Platte "  ],
  ["Aurora Buckley "  ],
  ["Del Rio "  ],
  ["Covington/Cincinnati "  ],
  ["Stillwater Rgnl "  ],
  ["Nanchong Sichuan "  ],
  ["King Salmon "  ],
  ["BAILING "  ],
  ["ROANOKE VA "  ],
  ["Tacheng Xinjiang "  ],
  ["RECIFE/GUARARAPES "  ],
  ["Fort Lauderdale "  ],
  ["Springfield Regional "  ],
  ["Cahokia St "  ],
  ["ANKANG/XING "  ],
  ["Shijiazhuang Hebei "  ],
  ["Key West "  ],
  ["Brownsville S "  ],
  ["WICHITA KS "  ],
  ["SAPPORO "  ],
  ["Denver Centennial "  ],
  ["San Francisco "  ],
  ["Climate Zone "  ],
  ["Crestview Bob "  ],
  ["Yanqi Xinjiang "  ],
  ["LUBBOCK TX "  ],
  ["Klamath Falls "  ],
  ["Livingston Mission "  ],
  ["Provo Muni "  ],
  ["Bellevue Offutt "  ],
  ["OKLAHOMA_CITY OK "  ],
  ["Jiulong Sichuan "  ],
  ["Elkins Elkins "  ],
  ["New River "  ],
  ["Clarinda IA "  ],
  ["CEDAR_CITY UT "  ],
  ["Guyuan Ningxia "  ],
  ["Mankato Awos "  ],
  ["Fort Yukon "  ],
  ["Bettles Field "  ],
  ["Jacksonville Craig "  ],
  ["Jagdelpur Orissa "  ],
  ["Brownsville TX "  ],
  ["San Diego "  ],
  ["Mount Shasta "  ],
  ["Tuscaloosa Municipal "  ],
  ["PORTLAND OR "  ],
  ["LITTLE_ROCK AR "  ],
  ["Crescent City "  ],
  ["Paducah Barkley "  ],
  ["Guilin Guangxi "  ],
  ["Raleigh Durham "  ],
  ["Worthington  Awos "  ],
  ["SEATTLE WA "  ],
  ["Cape May "  ],
  ["Rock Springs "  ],
  ["Berlin Municipal "  ],
  ["Zhuzhou Hunan "  ],
  ["CHONGQING/CHUNGKING "  ],
  ["Lhasa Tibet "  ],
  ["Chengde Hebei "  ],
  ["Pueblo CO "  ],
  ["New Bedford "  ],
  ["Allentown PA "  ],
  ["Sault Ste "  ],
  ["Ann Arbor "  ],
  ["Fair Field "  ],
  ["Auburn Lewiston "  ],
  ["Orlando Sanford "  ],
  ["SPOKANE WA "  ],
  ["Dodge City "  ],
  ["SHENYANG "  ],
  ["Omaha/Eppley "  ],
  ["Georgetown  Awos "  ],
  ["Helena MT "  ],
  ["Bikaner Rajasthan "  ],
  ["St Joseph "  ],
  ["Gadsen Muni "  ],
  ["Norwood Memorial "  ],
  ["NORFOLK VA "  ],
  ["Augusta Airport "  ],
  ["Rajkot Gujarat "  ],
  ["Marshfield Muni "  ],
  ["Climate Zone "  ],
  ["PITTSBURGH PA "  ],
  ["Red Bluff "  ],
  ["Hohhot Nei "  ],
  ["Bangor International "  ],
  ["Portland Intl "  ],
  ["Hayes River "  ],
  ["Miles City "  ],
  ["State College "  ],
  ["Valentine Miller "  ],
  ["Wrangell AK "  ],
  ["Sundernagar Himachal "  ],
  ["EASTER ISLAND "  ],
  ["Dallas Addison "  ],
  ["Bethel AK "  ],
  ["Dillingham  Amos "  ],
  ["Tallahassee Regional "  ],
  ["CURITIBA/AFONSO_PEN "  ],
  ["Amarillo TX "  ],
  ["Xian Shaanxi "  ],
  ["Gage Airport "  ],
  ["Sandspit BC "  ],
  ["Yakutat State "  ],
  ["Aspen Pitkin "  ],
  ["JESSORE_ "  ],
  ["Jaisalmer Rajasthan "  ],
  ["Lexington KY "  ],
  ["Mountain View "  ],
  ["Topeka Forbes "  ],
  ["Whiteman Afb "  ],
  ["Grand Island "  ],
  ["Davis Monthan "  ],
  ["St Paul "  ],
  ["Broken Bow "  ],
  ["San Angelo "  ],
  ["Montgomery AL "  ],
  ["Bandar Abass "  ],
  ["Wilmington DE "  ],
  ["Fort Wayne "  ],
  ["COLOMBO/RATMALANA "  ],
  ["Cotulla Faa "  ],
  ["Ord Sharp "  ],
  ["LAS_VEGAS NV "  ],
  ["Duluth International "  ],
  ["Carlsbad Cavern "  ],
  ["KAGOSHIMA "  ],
  ["Morris Muni "  ],
  ["Barstow/Daggett "  ],
  ["MANGNAI "  ],
  ["Ganyu Jiangsu "  ],
  ["BROWNSVILLE TX "  ],
  ["DULUTH MN "  ],
  ["Minneapolis "  ],
  ["El Paso "  ],
  ["KAKAMEGA "  ],
  ["Somerset Awos "  ],
  ["Faribault Muni "  ],
  ["Chifeng Nei "  ],
  ["Dandong Liaoning "  ],
  ["COLORADO_SPRINGS CO "  ],
  ["Owatonna  Awos "  ],
  ["Stockton Metropolitan "  ],
  ["Greensboro NC "  ],
  ["ROCK_SPRINGS WY "  ],
  ["Sioux Falls "  ],
  ["Arcata/Eureka "  ],
  ["Hondo Municipal "  ],
  ["Hanzhong Shaanxi "  ],
  ["Eagle CO "  ],
  ["Sansui Guizhou "  ],
  ["Louisville Bowman "  ],
  ["Robert Gray "  ],
  ["Omaha Wsfo "  ],
  ["Vero Beach "  ],
  ["NAIROBI/DAGORETTI_ "  ],
  ["Northern Aroostook "  ],
  ["Minneapolis Crystal "  ],
  ["REDMOND OR "  ],
  ["Benson Muni "  ],
  ["CARIBOU ME "  ],
  ["Worchester Regional "  ],
  ["MADOI/HUANGHEYAN "  ],
  ["New Haven "  ],
  ["Hailey Friedman "  ],
  ["ANCHORAGE AK "  ],
  ["Deqen Yunnan "  ],
  ["St John "  ],
  ["Casper Natrona "  ],
  ["KNOXVILLE TN "  ],
  ["JACAREACANGA "  ],
  ["CAPE_HATTERAS NC "  ],
  ["Manzhouli Nei "  ],
  ["NANCHENG "  ],
  ["Helwan Al "  ],
  ["COLUMBUS OH "  ],
  ["GAN_ISLAND "  ],
  ["Imperial CA "  ],
  ["Roanoke VA "  ],
  ["ASUNCION "  ],
  ["Chengdu Sichuan "  ],
  ["Changsha Hunan "  ],
  ["Jinghe Xinjiang "  ],
  ["TRAVERSE_CITY MI "  ],
  ["Cleveland Hopkins "  ],
  ["Missoula International "  ],
  ["Lafayette Purdue "  ],
  ["Casa Granda "  ],
  ["Huntsville Intl "  ],
  ["Butler Co "  ],
  ["Climate Zone "  ],
  ["Shimen Hunan "  ],
  ["Shemya Afb "  ],
  ["Providence T "  ],
  ["Jinan Shandong "  ],
  ["Jack Northrop "  ],
  ["Winston Salem "  ],
  ["Lenghu Qinghai "  ],
  ["Fargo Hector "  ],
  ["Jiamusi Heilongjiang "  ],
  ["Edmonton Stony "  ],
  ["Timmins ON "  ],
  ["Nagpur Maharashtra "  ],
  ["TONOPAH NV "  ],
  ["Farmington MO "  ],
  ["Russell Municipal "  ],
  ["Carroll IA "  ],
  ["Kurnool Andhra "  ],
  ["AWASSA_ "  ],
  ["CHARLOTTE NC "  ],
  ["Reno Tahoe "  ],
  ["Albuquerque Intl "  ],
  ["San Antonio "  ],
  ["Cape Hatteras "  ],
  ["Memorial Fld "  ],
  ["Long Beach "  ],
  ["Cut Bank "  ],
  ["Eau Claire "  ],
  ["Syracuse Hancock "  ],
  ["Bryce Canyon "  ],
  ["Summerland BC "  ],
  ["Glens Falls "  ],
  ["KASHI "  ],
  ["Des Moines "  ],
  ["Charleston WV "  ],
  ["OMSK "  ],
  ["Hanford WA "  ],
  ["Harlingen Rio "  ],
  ["Xilinhot Nei "  ],
  ["Beaufort Mcas "  ],
  ["Muscatine IA "  ],
  ["Rochester NY "  ],
  ["Millinocket Municipal "  ],
  ["Tuotuohe Qinghai "  ],
  ["DEBRE_MARCOS "  ],
  ["Lewiston Nez "  ],
  ["GRAND_RAPIDS MI "  ],
  ["Mobile Regional "  ],
  ["Boston MA "  ],
  ["YULIN "  ],
  ["KANGNUNG "  ],
  ["MINQIN "  ],
  ["Daqaidam Qinghai "  ],
  ["Cloquet  Awos "  ],
  ["Del Rio "  ],
  ["McGrath AK "  ],
  ["Blue Canyon "  ],
  ["Springfield MO "  ],
  ["Portland ME "  ],
  ["Deer Valley "  ],
  ["Del Rio "  ],
  ["ISHURDI "  ],
  ["Yunxi Hubei "  ],
  ["Houghton Lake "  ],
  ["Suifenhe Heilongjiang "  ],
  ["Toledo Express "  ],
  ["HARBIN "  ],
  ["Roswell NM "  ],
  ["KISUMU "  ],
  ["Kearney Muni "  ],
  ["ATLANTA GA "  ],
  ["Farmville VA "  ],
  ["GREENVILLE SC "  ],
  ["Northway Airport "  ],
  ["BETHEL AK "  ],
  ["Zhengcheng Guangdong "  ],
  ["Dillant Hopkins "  ],
  ["Qionghai Hainan "  ],
  ["ALPENA MI "  ],
  ["St Petersburg "  ],
  ["Visalia Muni "  ],
  ["Huailai Hebei "  ],
  ["Salem OR "  ],
  ["Palmer Municipal "  ],
  ["Houma Shanxi "  ],
  ["Maxwell Afb "  ],
  ["Hallock MN "  ],
  ["Allentown Lehigh "  ],
  ["Ejin Qi "  ],
  ["Clovis Muni "  ],
  ["Clayton Municipal "  ],
  ["Montgomery Dannelly "  ],
  ["METEHARA "  ],
  ["Mayport Ns "  ],
  ["Soda Springs "  ],
  ["Scottsbluff NE "  ],
  ["OLYMPIA WA "  ],
  ["Danbury Municipal "  ],
  ["KATHMANDU_INTL_ARPT "  ],
  ["Thunder Bay "  ],
  ["Eagle County "  ],
  ["Wuhan Hubei "  ],
  ["Lewisburg Greenbrie "  ],
  ["Tulihe Nei "  ],
  ["Salem Mcnary "  ],
  ["Merced Macready "  ],
  ["Alamosa San "  ],
  ["Montrose Co "  ],
  ["Washington IA "  ],
  ["North Bend "  ],
  ["Dunhua Jilin "  ],
  ["BOSTON MA "  ],
  ["Columbus/Int "  ],
  ["TONGLIAO "  ],
  ["Tampa/Int "  ],
  ["Climate Zone "  ],
  ["TOPEKA KS "  ],
  ["ROCHESTER MN "  ],
  ["HOTAN "  ],
  ["Middleton Island "  ],
  ["Oelwen IA "  ],
  ["Seward AK "  ],
  ["Elko Municipal "  ],
  ["Montague Siskiyou "  ],
  ["El Paso "  ],
  ["Gambell AK "  ],
  ["MONTEVIDEO "  ],
  ["PETROLINA_AIRPORT "  ],
  ["SHANGHAI/HONGQIAO "  ],
  ["Orange City "  ],
  ["Minot Faa "  ],
  ["Antigo Lang "  ],
  ["Little Rock "  ],
  ["Imperial Faa "  ],
  ["Huron SD "  ],
  ["Newton Muni "  ],
  ["Burlington Municipal "  ],
  ["Wilmington New "  ],
  ["Waterloo Municipal "  ],
  ["Jonesboro Muni "  ],
  ["Cape Girardeau "  ],
  ["Changde Hunan "  ],
  ["Las Vegas "  ],
  ["Caribou ME "  ],
  ["Huntingburg IN "  ],
  ["SAN_ANGELO TX "  ],
  ["Emmonak AK "  ],
  ["Fort McMurray "  ],
  ["St Paul "  ],
  ["Atlanta Hartsfield "  ],
  ["Flint Bishop "  ],
  ["SHREVEPORT LA "  ],
  ["Chula Vista "  ],
  ["Barksdale Afb "  ],
  ["LA_CROSSE WI "  ],
  ["Belmar Asc "  ],
  ["Madison WI "  ],
  ["Hayden Yampa "  ],
  ["Traverse City "  ],
  ["Columbus Muni "  ],
  ["Travis Field "  ],
  ["New Orleans "  ],
  ["Fayetteville Pope "  ],
  ["Shantou Guangdong "  ],
  ["Indianapolis IN "  ],
  ["Churchill MB "  ],
  ["FORTALEZA/PINTO_MAR "  ],
  ["Grand Junction "  ],
  ["Fort Bragg "  ],
  ["GREENSBORO NC "  ],
  ["LIHUE HI "  ],
  ["Paso Robles "  ],
  ["Winslow Municipal "  ],
  ["Westfield Barnes "  ],
  ["Ruoqiang Xinjiang "  ],
  ["Riverton Municipl "  ],
  ["CORPUS_CHRISTI TX "  ],
  ["Philadelphia/Willow "  ],
  ["Kingsville/NAS "  ],
  ["Cox Fld "  ],
  ["Vernal UT "  ],
  ["Oakland CA "  ],
  ["Prince George "  ],
  ["Charles City "  ],
  ["Shearwater NS "  ],
  ["Ely Yelland "  ],
  ["KOTZEBUE AK "  ],
  ["Lusi Jiangsu "  ],
  ["Riverside Muni "  ],
  ["Vancouver Int "  ],
  ["Glen Burnie "  ],
  ["Raxaul Bihar "  ],
  ["Lincoln Municipal "  ],
  ["Gangca Qinghai "  ],
  ["North Bend "  ],
  ["Sable Island "  ],
  ["Baise Guangxi "  ],
  ["MALINDI "  ],
  ["ST_PAUL_IS "  ],
  ["Qiqihar Heilongjiang "  ],
  ["Kashi Xinjiang "  ],
  ["Taos Muni "  ],
  ["CHEYENNE WY "  ],
  ["Portland OR "  ],
  ["Ketchikan Intl "  ],
  ["Corvallis Muni "  ],
  ["Kolkata West "  ],
  ["MEDFORD OR "  ],
  ["FORT_WORTH TX "  ],
  ["Pawtucket  Awos "  ],
  ["CAMPO_GRANDE_INTL "  ],
  ["Seattle "  ],
  ["Anchorage Elmendorf "  ],
  ["Gunnison Co "  ],
  ["Macheng Hubei "  ],
  ["Oklahoma City "  ],
  ["Huslia AK "  ],
  ["Albany NY "  ],
  ["Phoenix/Int "  ],
  ["Los Angeles "  ],
  ["Red Oak "  ],
  ["Napa Co "  ],
  ["Kirksville Regional "  ],
  ["Jabalpur Madhya "  ],
  ["IRKUTSK "  ],
  ["ATLANTIC_CITY NJ "  ],
  ["FRESNO CA "  ],
  ["Brunswick Golden "  ],
  ["Douglas Bisbee "  ],
  ["Greeley Weld "  ],
  ["Yanji Jilin "  ],
  ["Las Vegas "  ],
  ["Hongyuan Sichuan "  ],
  ["Fort Worth "  ],
  ["BUENOS AIRES "  ],
  ["Huaiyang "  ],
  ["Yanzhou Shandong "  ],
  ["LOUISVILLE KY "  ],
  ["Dunhuang Gansu "  ],
  ["LYNCHBURG VA "  ],
  ["Hartford Bradley "  ],
  ["Climate Zone "  ],
  ["Parkersburg Wood "  ],
  ["Trenton Mercer "  ],
  ["HAEJU "  ],
  ["Hillsville VA "  ],
  ["Monterey Naf "  ],
  ["Yichun Jiangxi "  ],
  ["Houston Bush "  ],
  ["Houma Terrebonne "  ],
  ["Nanxiong Guangdong "  ],
  ["Fallon Naas "  ],
  ["LAKE_CHARLES LA "  ],
  ["Randolph Afb "  ],
  ["Jacksonville  Awos "  ],
  ["Roseau Muni "  ],
  ["Nancheng Jiangxi "  ],
  ["Monroe Regional "  ],
  ["EL_PASO TX "  ],
  ["ANTANANARIVO "  ],
  ["Aitkin Ndb "  ],
  ["Valdosta Wb "  ],
  ["Oklahoma City "  ],
  ["Charleston Intl "  ],
  ["WINNEMUCCA NV "  ],
  ["Fresno CA "  ],
  ["Meridian MS "  ],
  ["Mason City "  ],
  ["Shishmaref  Awos "  ],
  ["BATANG "  ],
  ["MASSENA NY "  ],
  ["Santa Monica "  ],
  ["Datong Shanxi "  ],
  ["ABILENE TX "  ],
  ["Cairo Intl "  ],
  ["Kingsville TX "  ],
  ["Qian Gorlos "  ],
  ["Nashville International "  ],
  ["LANDER WY "  ],
  ["Yakima Air "  ],
  ["Port Hardy "  ],
  ["Mcalester Municipal "  ],
  ["Mccomb Pike "  ],
  ["Zanesville Municipal "  ],
  ["Salt Lake "  ],
  ["SANTA_MARIA "  ],
  ["KUQA "  ],
  ["Milwaukee WI "  ],
  ["Houlton Intl "  ],
  ["Nellis Afb "  ],
  ["Selawik AK "  ],
  ["Tiruchirapalli Tamil "  ],
  ["West Palm "  ],
  ["Benton Harbor "  ],
  ["North Bay "  ],
  ["GARISSA "  ],
  ["Abag Qi "  ],
  ["Elizabeth City "  ],
  ["Porterville  Awos "  ],
  ["Quxian Zhejiang "  ],
  ["BOGOTA "  ],
  ["Macon Middle "  ],
  ["Tacoma Narrows "  ],
  ["CHARLESTON SC "  ],
  ["Walnut Ridge "  ],
  ["Bristol Tri "  ],
  ["Ohio State "  ],
  ["Beverly Muni "  ],
  ["Philadelphia International "  ],
  ["CUT_BANK MT "  ],
  ["JARTAI "  ],
  ["Camp Mabry "  ],
  ["Jartai Nei "  ],
  ["Syracuse NY "  ],
  ["Stuttgart  Awos "  ],
  ["Little Rock "  ],
  ["Clayton NM "  ],
  ["Hurghada Al "  ],
  ["Kitale "  ],
  ["Boise ID "  ],
  ["Sherman "  ],
  ["YUMENZHEN "  ],
  ["Olathe Johnson "  ],
  ["Hibbing Chisholm "  ],
  ["TURPAN "  ],
  ["Olympia Airport "  ],
  ["Truro NS "  ],
  ["Golmud Qinghai "  ],
  ["Whiting Field "  ],
  ["DES_MOINES IA "  ],
  ["Spencer IA "  ],
  ["Cut Bank "  ],
  ["Lewistown Municipal "  ],
  ["MILWAUKEE WI "  ],
  ["CUZCO "  ],
  ["Richmond International "  ],
  ["Abilene Regional "  ],
  ["POCATELLO ID "  ],
  ["Jiuquan Gansu "  ],
  ["Rutland State "  ],
  ["Luxor Qina "  ],
  ["Hartford Brainard "  ],
  ["GUIYANG "  ],
  ["Decorah IA "  ],
  ["CHARLESTON WV "  ],
  ["HUNTSVILLE AL "  ],
  ["KEY_WEST FL "  ],
  ["LINXI "  ],
  ["Moody Afb "  ],
  ["Henderson City "  ],
  ["TALKEETNA AK "  ],
  ["Zhijiang Hunan "  ],
  ["Terre Haute "  ],
  ["DAKAR "  ],
  ["Sitka Japonski "  ],
  ["Kalamazoo Battle "  ],
  ["Myrtle Beach "  ],
  ["CAPE TOWN "  ],
  ["Hartford/Brainard "  ],
  ["Otog Qi "  ],
  ["NEW_YORK_CITY NY "  ],
  ["Naples Municipal "  ],
  ["Los Angeles "  ],
  ["Scottsdale Muni "  ],
  ["Lake Charles "  ],
  ["Bagotville PQ "  ],
  ["Mengzi Yunnan "  ],
  ["Juxian Shandong "  ],
  ["Medford OR "  ],
  ["Dare Co "  ],
  ["YAKUTSK "  ],
  ["BURLINGTON VT "  ],
  ["GREEN_BAY WI "  ],
  ["Sacramento Metropolitan "  ],
  ["Chicago Waukegan "  ],
  ["Hilo International "  ],
  ["Fort Smith "  ],
  ["Madison Dane "  ],
  ["Climate Zone "  ],
  ["Denison IA "  ],
  ["Watertown WI "  ],
  ["Battle Creek "  ],
  ["Nanyang Henan "  ],
  ["Wheaton Ndb "  ],
  ["Newton  Awos "  ],
  ["Linjiang Jilin "  ],
  ["KARACHI "  ],
  ["Brandon MB "  ],
  ["Bakersfield Meadows "  ],
  ["Climate Zone "  ],
  ["St Clair "  ],
  ["Lynchburg Regional "  ],
  ["Camp Pendleton "  ],
  ["Brainerd Wieland "  ],
  ["Ahmedabad Gujarat "  ],
  ["Providence RI "  ],
  ["NUWARA_ELIYA "  ],
  ["KING_SALMON AK "  ],
  ["Republic NY "  ],
  ["ALTAY "  ],
  ["Idaho Falls "  ],
  ["Great Falls "  ],
  ["Laredo Intl "  ],
  ["Harbin Heilongjiang "  ],
  ["Fairbanks/Int "  ],
  ["Greer/Greenville "  ],
  ["NAIROBI/JOMO_KENYAT "  ],
  ["Garden City "  ],
  ["Southern Illinois "  ],
  ["Charlottesville Faa "  ],
  ["Togiac Village "  ],
  ["London Corbin "  ],
  ["Sidney Richland "  ],
  ["Zhangwu Liaoning "  ],
  ["DODGE_CITY KS "  ],
  ["Belo Horizonte "  ],
  ["Youyang Chongqing "  ],
  ["Blanding UT "  ],
  ["ELY NV "  ],
  ["CAIRO "  ],
  ["Nome AK "  ],
  ["RENO NV "  ],
  ["HARBIN "  ],
  ["Fort Madison "  ],
  ["ELKO NV "  ],
  ["JACKSON MS "  ],
  ["Arcata Airport "  ],
  ["Indianapolis Intl "  ],
  ["Jackson International "  ],
  ["Kingman  Amos "  ],
  ["ACCRA/KOTOKA_INTL "  ],
  ["Childress Municipal "  ],
  ["Ainsworth Municipal "  ],
  ["Massena Ap "  ],
  ["Blythe Riverside "  ],
  ["Winnipeg Int "  ],
  ["Dillon MT "  ],
  ["Rapid City "  ],
  ["Wichita Falls "  ],
  ["Jacksonville Intl "  ],
  ["Islip Long "  ],
  ["Corpus Christi "  ],
  ["HONG KONG "  ],
  ["Mumbai Maharashtra "  ],
  ["MACON GA "  ],
  ["Augusta GA "  ],
  ["Siping Jilin "  ],
  ["Kodiak/State "  ],
  ["Escanaba  Awos "  ],
  ["Yingkou Liaoning "  ],
  ["Dyersburg Municipal "  ],
  ["Lewiston ID "  ],
  ["Sault Ste "  ],
  ["WORCESTER MA "  ],
  ["Palm Springs "  ],
  ["Colorado Springs "  ],
  ["Fort Polk "  ],
  ["Algona IA "  ],
  ["Mcgrath Arpt "  ],
  ["North Myrtle "  ],
  ["Evansville IN "  ],
  ["Ranchi Jharkand "  ],
  ["Detroit Willow "  ],
  ["San Luis "  ],
  ["Yushu Qinghai "  ],
  ["DAYTONA_BEACH FL "  ],
  ["Mountain View "  ],
  ["Worland Municipal "  ],
  ["Manistee  Awos "  ],
  ["Jurh Nei "  ],
  ["TRIVANDRUM "  ],
  ["Santa Maria "  ],
  ["TRIPOLI "  ],
  ["KANKESANTURAI_ "  ],
  ["Duan Guangxi "  ],
  ["Tianshui Gansu "  ],
  ["PHILADELPHIA PA "  ],
  ["SHANGHAI "  ],
  ["Rochester Greater "  ],
  ["TAIPEI "  ],
  ["MERU "  ],
  ["COLD_BAY AK "  ],
  ["Florence Regional "  ],
  ["Leshan Sichuan "  ],
  ["Tallahassee FL "  ],
  ["Limon CO "  ],
  ["Sidney Municipal "  ],
  ["Delaware Co "  ],
  ["Knoxville Mcghee "  ],
  ["Topeka Municipal "  ],
  ["Guangzhou Guangdong "  ],
  ["Roswell Industrial "  ],
  ["Janesville Rock "  ],
  ["Shannon Arpt "  ],
  ["SPRINGFIELD IL "  ],
  ["Glendive Awos "  ],
  ["Kaneohe Bay "  ],
  ["Twentynine Palms "  ],
  ["Nashville TN "  ],
  ["STERLING VA "  ],
  ["NEWARK NJ "  ],
  ["NAROK "  ],
  ["Cold Bay "  ],
  ["Palacios Municipal "  ],
  ["LHASA "  ],
  ["Yuma Mcas "  ],
  ["NASHVILLE TN "  ],
  ["Yongan Fujian "  ],
  ["Ankangan Shaanxi "  ],
  ["Van Nuys "  ],
  ["BURNS OR "  ],
  ["Tucson AZ "  ],
  ["FAIRBANKS AK "  ],
  ["Tezpur Assam "  ],
  ["PORT_ARTHUR TX "  ],
  ["Washington Dc "  ],
  ["EKATERINBURG "  ],
  ["MANSFIELD OH "  ],
  ["BUGT "  ],
  ["Haliut Nei "  ],
  ["BEIJING "  ],
  ["Fairbanks Eielson "  ],
  ["Bellingham Intl "  ],
  ["Pocatello Regional "  ],
  ["Poughkeepsie Dutchess "  ],
  ["Pine Bluff "  ],
  ["Burlington International "  ],
  ["Needles Airport "  ],
  ["Climate Zone "  ],
  ["Aswan Aswan "  ],
  ["Pasco WA "  ],
  ["BOGRA "  ],
  ["TOLEDO OH "  ],
  ["CHENNAI "  ],
  ["Windsor ON "  ],
  ["Chaoyang Liaoning "  ],
  ["Monticello Awos "  ],
  ["Anyang Henan "  ],
  ["Missoula MT "  ],
  ["HANGZHOU/JIANQIAO "  ],
  ["Rockford Greater "  ],
  ["Kuwait Intl "  ],
  ["Sarasota Bradenton "  ],
  ["Raleigh/Durham "  ],
  ["Tucumcari Faa "  ],
  ["Big River "  ],
  ["Miami/Int "  ],
  ["Marfa Ap "  ],
  ["Haikou Hainan "  ],
  ["Wink Winkler "  ],
  ["Hancock Houghton "  ],
  ["Camarillo  Awos "  ],
  ["Hami Xinjiang "  ],
  ["NAIROBI/WILSON "  ],
  ["Nanchang Jiangxi "  ],
  ["Apalachicola FL "  ],
  ["Kota Rajasthan "  ],
  ["San Francisco "  ],
  ["Waco Regional "  ],
  ["Moab Canyonlands "  ],
  ["Simcoe ON "  ],
  ["Columbia MO "  ],
  ["CHITA "  ],
  ["Monroe Co "  ],
  ["Shillong Meghalaya "  ],
  ["Detroit Lakes "  ],
  ["Yining Xinjiang "  ],
  ["VICTORIA TX "  ],
  ["Grand Rapids "  ],
  ["SAINT_CLOUD MN "  ],
  ["BAHAR_DAR "  ],
  ["Anchorage Merrill "  ],
  ["Greensboro Piedmont "  ],
  ["Knoxville TN "  ],
  ["Grissom Arb "  ],
  ["Zunyi Guizhou "  ],
  ["Cherry Point "  ],
  ["Wuzhou Guangxi "  ],
  ["Point Mugu "  ],
  ["SANTIAGO "  ],
  ["Yellowknife NT "  ],
  ["PRESCOTT AZ "  ],
  ["Tehran Mehrabad "  ],
  ["NAGPUR "  ],
  ["Astoria OR "  ],
  ["Yuanjiang Yunnan "  ],
  ["Santa Ana "  ],
  ["Veraval Gujarat "  ],
  ["Sacramento Executive "  ],
  ["Tampa International "  ],
  ["PIERRE SD "  ],
  ["Fort Campbell "  ],
  ["Groton New "  ],
  ["Valdez Pioneer "  ],
  ["Bom Jesus "  ],
  ["Fort Sill "  ],
  ["Topeka KS "  ],
  ["Jarud Qi "  ],
  ["Gulfport Biloxi "  ],
  ["Nellore Andhra "  ],
  ["Mcallen Miller "  ],
  ["NYERI "  ],
  ["SAVANNAH GA "  ],
  ["Visakhapatnam Andhra "  ],
  ["Vichy Rolla "  ],
  ["Heyuan Guangdong "  ],
  ["NAGOYA "  ],
  ["Guiyang Guizhou "  ],
  ["Mount Washington "  ],
  ["Tulsa OK "  ],
  ["Ukiah Municipal "  ],
  ["Norfolk Karl "  ],
  ["Provincetown  Awos "  ],
  ["Cincinnati Municipal "  ],
  ["COLUMBIA SC "  ],
  ["Dinghai Zhejiang "  ],
  ["BOULDER CO "  ],
  ["Redmond Roberts "  ],
  ["Langley Afb "  ],
  ["Springfield Capital "  ],
  ["Baker Municipal "  ],
  ["Deadhorse AK "  ],
  ["Goodland Renner "  ],
  ["Dibrugarh Assam "  ],
  ["Washington Dc "  ],
  ["Gorakhpur Uttar "  ],
  ["Roseburg Regional "  ],
  ["Fort St "  ],
  ["Burley Municipal "  ],
  ["Pingliang Gansu "  ],
  ["Eugene Mahlon "  ],
  ["Nasa Shuttle "  ],
  ["La Junta "  ],
  ["Ocala Muni "  ],
  ["Fort Myers "  ],
  ["Beale Afb "  ],
  ["INCH'ON "  ],
  ["Fort Wayne "  ],
  ["Casper WY "  ],
  ["Altus Afb "  ],
  ["Guwahati Assam "  ],
  ["SIOUX_CITY IA "  ],
  ["Shreveport Downtown "  ],
  ["MANAUS "  ],
  ["Miramichi NB "  ],
  ["Reno NV "  ],
  ["Caribou Municipal "  ],
  ["Lethbridge AB "  ],
  ["Summit AK "  ],
  ["March Afb "  ],
  ["WILLIAMSPORT PA "  ],
  ["Longview Gregg "  ],
  ["BETTLES AK "  ],
  ["Sata Fe "  ],
  ["Climate Zone "  ],
  ["Anqing Anhui "  ],
  ["Winnemucca NV "  ],
  ["Walla Walla "  ],
  ["Dallas Love "  ],
  ["Grand Forks "  ],
  ["Fayetteville Rgnl "  ],
  ["Glasgow MT "  ],
  ["Taiyuan Shanxi "  ],
  ["NEW_ORLEANS LA "  ],
  ["Wenzhou Zhejiang "  ],
  ["Luzhou Sichuan "  ],
  ["Warner Robins "  ],
  ["Litang Sichuan "  ],
  ["Niagara Falls "  ],
  ["Lovelock Derby "  ],
  ["Bhagalpur Bihar "  ],
  ["Chippewa Co "  ],
  ["Homer Arpt "  ],
  ["Troy Af "  ],
  ["MONTGOMERY AL "  ],
  ["Unalakleet Field "  ],
  ["Adak Nas "  ],
  ["Asyut Asyut "  ],
  ["Rockland Knox "  ],
  ["Minxian Gansu "  ],
  ["Memphis International "  ],
  ["Tongliao Nei "  ],
  ["JACKSONVILLE FL "  ],
  ["COLUMBIA MO "  ],
  ["Denver Intl "  ],
  ["Sheridan County "  ],
  ["Luochuan Shaanxi "  ],
  ["Zhangbei Hebei "  ],
  ["Marthas Vineyard "  ],
  ["Norfolk International "  ],
  ["Chattanooga TN "  ],
  ["Jishou Hunan "  ],
  ["Wittman Rgnl "  ],
  ["Bachu Xinjiang "  ],
  ["Salt Lake "  ],
  ["Harrisburg PA "  ],
  ["Beckley Raleigh "  ],
  ["Lufkin Angelina "  ],
  ["WILKES "  ],
  ["Lihue Airport "  ],
  ["Sioux City "  ],
  ["Beijing Beijing "  ],
  ["Moline/Davenport "  ],
  ["Rawlins Municipal "  ],
  ["Qinzhou Guangxi "  ],
  ["Hilo HI "  ],
  ["Shanghai Shanghai "  ],
  ["Gander Int "  ],
  ["Oxnard Airport "  ],
  ["Craig Moffat "  ],
  ["Huntington Tri "  ],
  ["Carlsbad Palomar "  ],
  ["Louisville KY "  ],
  ["New Iberia "  ],
  ["ANTOFAGASTA "  ],
  ["LIMA "  ],
  ["SANTOS_DUMONT/RIO "  ],
  ["Pendleton E "  ],
  ["Spokane International "  ],
  ["Xuzhou Jiangsu "  ],
  ["Imphal Manipur "  ],
  ["Otis Angb "  ],
  ["Fort Hood "  ],
  ["La Grande "  ],
  ["Climate Zone "  ],
  ["Mount Clemens "  ],
  ["Poplar Bluff "  ],
  ["Hongjia Zhejiang "  ],
  ["Pulaski VA "  ],
  ["MOBILE AL "  ],
  ["Augusta Bush "  ],
  ["Marshall Ryan "  ],
  ["Lakeland Linder "  ],
  ["Lawrence Muni "  ],
  ["Teterboro Airport "  ]
]